{
  "COMPRESSION_TYPE": "INTEGER COSINE TRANSFORM",
  "DATA_SET_ID": "JUNO-J-JUNOCAM-2-EDR-L0-V1.0",
  "DESCRIPTION": "",
  "EXPOSURE_DURATION": "3.200000 <ms>",
  "FILE_NAME": "JNCE_2018355_17C00032_V01-raw.png",
  "FILE_RECORDS": 13824,
  "FILTER_NAME": [
    "BLUE",
    "GREEN",
    "RED"
  ],
  "FOCAL_PLANE_TEMPERATURE": "273.0 <K>",
  "IMAGE_TIME": "2018-12-21T17:24:10.627",
  "INSTRUMENT_HOST_NAME": "JUNO",
  "INSTRUMENT_ID": "JNC",
  "INSTRUMENT_NAME": "JUNO EPO CAMERA",
  "INTERFRAME_DELAY": "0.374 <s>",
  "JNO:TDI_STAGES_COUNT": 1,
  "LINES": 13824,
  "LINE_PREFIX_BYTES": 0,
  "LINE_SAMPLES": 1648,
  "LINE_SUFFIX_BYTES": 0,
  "MISSION_PHASE_NAME": "PERIJOVE 17",
  "ORBIT_NUMBER": 17,
  "PJ": "17",
  "PROCESSING_LEVEL_ID": 2,
  "PRODUCER_ID": "JUNO_JUNOCAM_TEAM",
  "PRODUCT_CREATION_TIME": "2019-01-07T18:12:22",
  "PRODUCT_ID": "JNCE_2018355_17C00032_V01",
  "PRODUCT_VERSION_ID": 1,
  "RATIONALE_DESC": "Jupiter imaging",
  "RECORD_BYTES": 1648,
  "SAMPLE_BITS": 8,
  "SAMPLE_BIT_MASK": "2#11111111#",
  "SAMPLE_BIT_MODE_ID": "SQROOT",
  "SAMPLE_TYPE": "UNSIGNED_INTEGER",
  "SAMPLING_FACTOR": 1,
  "SEQUENCE_ID": "jm17",
  "SOFTWARE_NAME": "JUNOMAKEPDS.PY 0.7",
  "SOLAR_DISTANCE": "8.0078e+08 <km>",
  "SOURCE_PRODUCT_ID": "3D-0900110020-2019-005T18.42.36",
  "SPACECRAFT_ALTITUDE": "24761.3 <km>",
  "SPACECRAFT_CLOCK_START_COUNT": "598685318:232",
  "SPACECRAFT_CLOCK_STOP_COUNT": "N/A",
  "SPACECRAFT_NAME": "JUNO",
  "STANDARD_DATA_PRODUCT_ID": "JUNOCAM-EDR",
  "START_TIME": "2018-12-21T17:24:10.627",
  "STOP_TIME": "2018-12-21T17:24:24.091",
  "SUB_SPACECRAFT_LATITUDE": "-36.9560",
  "SUB_SPACECRAFT_LONGITUDE": "181.1882",
  "TARGET_NAME": "JUPITER",
  "TITLE": "PJ17 South South Temperate Belt",
  "TOKEN_ID": []
}
